,School,Locale,Entry,Code,Event
0,Albuquerque Academy,NM/US,Rosenbaum & Romero,Albuquerque RR,VCX
1,Berkeley Preparatory School,FL/US,Kuperman & Kanchanapalli,Berkeley Prep KK,VCX
2,Berkeley Preparatory School,FL/US,Kapadia & Zinober,Berkeley Prep KZ,VCX
3,Boston Latin Academy,MA/US,Nibert & Iqbal,Boston Latin NI,VCX
4,Boston Latin Academy,MA/US,Thompson & Figueiredo,Boston Latin TF,VCX
5,Brooklyn Technical HS,NY/US,Advincula & Wolfe,Brooklyn Technical AW,VCX
6,Brooklyn Technical HS,NY/US,Dumay & Trivino,Brooklyn Technical DT,VCX
7,Brooklyn Technical HS,NY/US,Santora & Picallo,Brooklyn Technical PS,VCX
8,Clear Lake HS,TX/US,Abouleish & Mansuri,Clear Lake AM,VCX
9,DMV Independent,MD/US,Anderson & Katyal,DMV Independent AK,VCX
10,Dowling Catholic HS,IA/US,Scholz & Sisco,Dowling Catholic SS,VCX
11,Dowling Catholic HS,IA/US,Thursby & Haus,Dowling Catholic TH,VCX
12,Dowling Catholic HS,IA/US,Weinhardt & Piazza,Dowling Catholic WP,VCX
13,Dripping Springs HS,TX/US,Gearing & Verma,Dripping Springs GV,VCX
14,Edgemont HS,NY/US,Bansal & Cai,Edgemont BC,VCX
15,Edgemont HS,NY/US,Sandhu & Shah,Edgemont SS,VCX
16,Evanston Twp HS,IL/US,Clarke & Layden,Evanston Twp CL,VCX
17,Georgetown Day School,DC/US,Bhagat & Forsyth,Georgetown Day BF,VCX
18,Georgetown Day School,DC/US,Charles Brooks,Georgetown Day CB,VCX
19,Georgetown Day School,DC/US,Partman & Ritter,Georgetown Day PR,VCX
20,Grapevine High School,TX/US,He & Thode,Grapevine HT,VCX
21,Houston Memorial High School,TX/US,An & Du,Houston Memorial AD,VCX
22,Hunter College,NY/US,Fuchs & Leung,Hunter FL,VCX
23,Hunter College,NY/US,Jain & Ashraf,Hunter JA,VCX
24,La Costa Canyon HS,CA/US,Mondero & Sleigh,La Costa Canyon MS,VCX
25,La Salle College HS,PA/US,Quigley & Talone,La Salle QT,VCX
26,Lane Tech College Prep H.S.,IL/US,Collazo & Grey,Lane Tech CG,VCX
27,Lexington HS,MA/US,Bhandarkar & Ahmed,Lexington BA,VCX
28,Lexington HS,MA/US,Blatt & Sen,Lexington BS,VCX
29,Lexington HS,MA/US,Berhe & Yang,Lexington BY,VCX
30,Lexington HS,MA/US,Cai & Ahmed,Lexington CA,VCX
31,Lexington HS,MA/US,Chen & Wu,Lexington CW,VCX
32,Lexington HS,MA/US,Hsu & Chen,Lexington HC,VCX
33,Lexington HS,MA/US,Lin & Li,Lexington LL,VCX
34,Lexington HS,MA/US,Mukherjee & Hsu,Lexington MH,VCX
35,Lexington HS,MA/US,Tang & Chakravarti,Lexington TC,VCX
36,Lexington HS,MA/US,Zhang & Lu,Lexington ZL,VCX
37,Lexington HS,MA/US,Zhou & Wu,Lexington ZW,VCX
38,Liberal Arts and Science Academy,TX/US,Chacon & Ugarte,Liberal Arts and Science CU,VCX
39,Liberal Arts and Science Academy,TX/US,Eckel & Wang,Liberal Arts and Science EW,VCX
40,Liberal Arts and Science Academy,TX/US,Gu & Ruttala,Liberal Arts and Science GR,VCX
41,Liberal Arts and Science Academy,TX/US,Ilangovan & Jones,Liberal Arts and Science IJ,VCX
42,Liberal Arts and Science Academy,TX/US,Poe & Scott,Liberal Arts and Science PS,VCX
43,Louis D. Brandeis,TX/,Obhrai & Barajas,Louis D. Brandeis OB,VCX
44,Louis D. Brandeis,TX/,Resendiz & Kadire,Louis D. Brandeis RK,VCX
45,Mamaroneck HS,NY/US,Chinn & Orfanos,Mamaroneck CO,VCX
46,Mamaroneck HS,NY/US,Suben & McAdams,Mamaroneck MS,VCX
47,Mamaroneck HS,NY/US,Ross & Karas,Mamaroneck RK,VCX
48,Mamaroneck HS,NY/US,Randall & Sheppard,Mamaroneck RS,VCX
49,Mamaroneck HS,NY/US,Suben & Weber,Mamaroneck SW,VCX
50,McDonogh,MD/US,Wang & Zuga,McDonogh WZ,VCX
51,New Mission HS/BCLA/ACC,MA/US,Diallo & Pontes,New Mission HS/BCLA/ACC DP,VCX
52,New Mission HS/BCLA/ACC,MA/US,Gossop & Ramirez,New Mission HS/BCLA/ACC GR,VCX
53,North Lamar HS,TX/,Holzwarth & Huffman,North Lamar HH,VCX
54,Petal High School,MS/,Baggett & Garner,Petal BG,VCX
55,Phoenix Military Academy,IL/US,Cortes & Trejo,Phoenix Military CT,VCX
56,Reagan HS,TX/US,Bhat & Li,Reagan BL,VCX
57,Reagan HS,TX/US,Chavez & Azad,Reagan CA,VCX
58,Reagan HS,TX/US,Gutierrez & Pham,Reagan GP,VCX
59,Ridge High School,NJ/US,Cukar & Smyth,Ridge CS,VCX
60,Solorio Academy HS,IL/US,Castro & Candelario,Solorio CC,VCX
61,St. Andrew's Episcopal School,MS/US,Jiang & Lu,St. Andrew's Episcopal JL,VCX
62,Stratford Academy,GA/US,Patel & Malhotra,Stratford PM,VCX
63,Stuyvesant HS,NY/US,Chen & Ha,Stuyvesant CH,VCX
64,Stuyvesant HS,NY/US,Fabrizio & Chen,Stuyvesant FC,VCX
65,Stuyvesant HS,NY/US,Liu & Wang,Stuyvesant LW,VCX
66,Stuyvesant HS,NY/US,Ng & Rhee,Stuyvesant RN,VCX
67,The Bronx High School Of Science,NY/US,Chan & Basch,Bronx HS Of Science CB,VCX
68,The Bronx High School Of Science,NY/US,Ishkakov & Toth,Bronx HS Of Science IT,VCX
69,Thomas Jefferson HSST,VA/US,Kachru & Vij,Thomas Jefferson HSST KV,VCX
70,Thomas Jefferson HSST,VA/US,Medavarapu & Duong,Thomas Jefferson HSST MD,VCX
71,Thomas Jefferson HSST,VA/US,Pillai & Yadlapalli,Thomas Jefferson HSST PY,VCX
72,Tuloso-Midway High School,TX/US,Barrera & Robledo,Tuloso-Midway BR,VCX
73,Tuloso-Midway High School,TX/US,Xac & Janak,Tuloso-Midway XJ,VCX
74,Unionville,PA/US,Abbaraju & Pisolkar,Unionville AP,VCX
75,Unionville,PA/US,Kelly & Liu,Unionville KL,VCX
76,Univ Of Chicago Lab School,IL/US,Wang & Sharod,Univ Of Chicago Lab WS,VCX
77,Wayzata Independent,MN/US,Chahal & Frants,Wayzata Independent ChFr,VCX
78,Wayzata Independent,MN/US,Liang & Yerraguntala,Wayzata Independent LY,VCX
79,Westwood HS,TX/US,Shi & Burugu,Westwood SB,VCX
80,Whitney M. Young Magnet High School,IL/US,Mazets & Hammond,Whitney Young MH,VCX
81,Whitney M. Young Magnet High School,IL/US,Margolin & O'Malley,Whitney Young MO,VCX
82,Whitney M. Young Magnet High School,IL/US,Puchowitz & Jacob,Whitney Young PJ,VCX
83,Whitney M. Young Magnet High School,IL/US,Schlosberg & Wang,Whitney Young SW,VCX
84,Whitney M. Young Magnet High School,IL/US,Tarasul & Mitchell,Whitney Young TM,VCX
0,Abington Heights,PA/US,Clare Della Valle,Abington Heights CD,VLD
1,Achievement First Brooklyn HS,NY/US,Christopher Pascall,Achievement First Brooklyn CP,VLD
2,Achievement First Brooklyn HS,NY/US,Dorien Steadman,Achievement First Brooklyn DS,VLD
3,Acton-Boxborough Regional HS,MA/US,Chris Xu,Acton-Boxborough CX,VLD
4,Acton-Boxborough Regional HS,MA/US,Matthew Liu,Acton-Boxborough ML,VLD
5,Acton-Boxborough Regional HS,MA/US,Varun Harish,Acton-Boxborough VH,VLD
6,All Saints Episcopal School,TX/US,Asher Fanous,All Saints Episcopal AF,VLD
7,All Saints Episcopal School,TX/US,Gabrielle Lea,All Saints Episcopal GL,VLD
8,American Heritage Boca/Delray HS,FL/US,Nikita Tanguturi,American Heritage Boca/Delray NT,VLD
9,American Heritage Plantation HS,FL/US,Anika Dham,American Heritage Plantation AD,VLD
10,American Heritage Plantation HS,FL/US,Benjamin Geller,American Heritage Plantation BG,VLD
11,American Heritage Plantation HS,FL/US,Peregrine Beckett,American Heritage Plantation PB,VLD
12,American Heritage Plantation HS,FL/US,Robert Gillespie,American Heritage Plantation RG,VLD
13,Asheville HS,NC/US,Maeve Goldberg,Asheville MG,VLD
14,BASIS Mesa,AZ/US,Amrita Chakladar,BASIS Mesa AC,VLD
15,BASIS Mesa,AZ/US,Harris Shadmany,BASIS Mesa HS,VLD
16,Bergen County Academies,NJ/US,Elizabeth (Hye In) Lee,Bergen County Academies EL,VLD
17,Bergen County Academies,NJ/US,Maria Savransky,Bergen County Academies MS,VLD
18,Blair Academy,NJ/US,Arjun Chopra,Blair AC,VLD
19,Bridgewater Independent,NJ/US,Riya Mehta,Bridgewater RM,VLD
20,Brophy College Prep,AZ/US,Calvin Tyler,Brophy  CT,VLD
21,Brophy College Prep,AZ/US,Saif Agha,Brophy  SA,VLD
22,Byram Hills HS,NY/US,Luke Gastelu,Byram Hills LG,VLD
23,Cambridge Rindge and Latin,MA/US,Andrew Garber,Cambridge Rindge and Latin AG,VLD
24,Cardinal Gibbons,FL/US,Alex Dumas,Cardinal Gibbons AD,VLD
25,Cardinal Gibbons,FL/US,Zach Dumas,Cardinal Gibbons ZD,VLD
26,Cardinal Newman HS,FL/US,Joseph Arrigo,Cardinal Newman JA,VLD
27,Carnegie Vanguard High School,TX/US,Arnav Burudgunte,Carnegie Vanguard AB,VLD
28,Carrollton,GA/US,Ryan Talley,Carrollton RT,VLD
29,Chaminade HS,NY/US,Christian Borruso,Chaminade CB,VLD
30,Chaminade HS,NY/US,Charles Weiler,Chaminade CW,VLD
31,Chaminade HS,NY/US,Peter Vouthas,Chaminade PV,VLD
32,Chaminade HS,NY/US,Sean Lochner,Chaminade SL,VLD
33,Chanhassen HS,MN/US,Grace Lynch,Chanhassen GL,VLD
34,Chantilly Independent,VA/US,T.J. Maher,Chantilly Independent TM,VLD
35,Charles W Flanagan HS,FL/US,Keara Hardy,Charles W Flanagan KH,VLD
36,Charlotte Catholic HS,NC/US,David Edwards,Charlotte Catholic DE,VLD
37,Charlotte Catholic HS,NC/US,Louis Ciano,Charlotte Catholic LC,VLD
38,Charlotte Latin School,NC/US,Justin Smith,Charlotte Latin JS,VLD
39,Cherokee HS,GA/US,Anne Greer,Cherokee AG,VLD
40,Cherokee HS,GA/US,Morgan Trusch,Cherokee MT,VLD
41,Cherokee HS,GA/US,Sean Howell,Cherokee SH,VLD
42,Clear Lake HS,TX/US,Jay Collura,Clear Lake JC,VLD
43,Clear Lake HS,TX/US,Sneha Mokkala,Clear Lake SM,VLD
44,Collegiate School,NY/US,Aniket Mukherji,Collegiate AM,VLD
45,Collegiate School,NY/US,Christopher Wong,Collegiate CW,VLD
46,Cooper City HS,FL/US,Ashwin Mathi,Cooper City AM,VLD
47,Desert Vista HS,AZ/US,Armando Montero,Desert Vista AM,VLD
48,Desert Vista HS,AZ/US,Jason Mittelman,Desert Vista JM,VLD
49,Desert Vista HS,AZ/US,Shawn Yousefelahi,Desert Vista SY,VLD
50,Durham Academy,NC/US,Bennett Dombcik,Durham BD,VLD
51,Edgemont HS,NY/US,Helena Lew-Kiedrowska,Edgemont HL,VLD
52,Edgemont HS,NY/US,Riya Ganpati,Edgemont RG,VLD
53,Evanston Twp HS,IL/US,Henry Eberhart,Evanston Twp HE,VLD
54,Evanston Twp HS,IL/US,Joshua Ahn,Evanston Twp JA,VLD
55,Evanston Twp HS,IL/US,Jaime Berkovich,Evanston Twp JB,VLD
56,Evanston Twp HS,IL/US,Luis Toro,Evanston Twp LT,VLD
57,Evanston Twp HS,IL/US,Owen Janssen,Evanston Twp OJ,VLD
58,Evanston Twp HS,IL/US,Quinn Hughes,Evanston Twp QH,VLD
59,Freehold Township,NJ/US,Nelson Lin,Freehold Township NL,VLD
60,Freehold Township,NJ/US,Shubhum Agrawal,Freehold Township SA,VLD
61,Ft Lauderdale HS,FL/US,Elijah Pitt,Ft Lauderdale EP,VLD
62,Ft Lauderdale HS,FL/US,Gemma Rovshan,Ft Lauderdale GR,VLD
63,Ft Lauderdale HS,FL/US,Peyton Carpen,Ft Lauderdale PC,VLD
64,Ft Lauderdale HS,FL/US,Sherise Tracey,Ft Lauderdale ST,VLD
65,Ft Lauderdale HS,FL/US,Syed Tahir,Ft Lauderdale STa,VLD
66,Ft Lauderdale HS,FL/US,Venishca Moriah,Ft Lauderdale VM,VLD
67,George Ranch HS,TX/,Asad Ahmed,George Ranch AA,VLD
68,George Ranch HS,TX/,Danielle Dunk,George Ranch DD,VLD
69,George Ranch HS,TX/,Mohammad Sheikh,George Ranch MS,VLD
70,"Harley School, The",NY/US,Zeynep Koseoglu,"Harley School, The ZK",VLD
71,Harrison,NY/US,Anthony Kang,Harrison AK,VLD
72,Harrison,NY/US,Ava Zinman,Harrison AZ,VLD
73,Harrison,NY/US,Eli Lapkin,Harrison EL,VLD
74,Harrison,NY/US,Ethan Voskoff,Harrison EV,VLD
75,Harrison,NY/US,Giovanni Cutri,Harrison GC,VLD
76,Harrison,NY/US,Justin Wilson,Harrison JW,VLD
77,Harrison,NY/US,Molly Ryan,Harrison MR,VLD
78,Harrison,NY/US,Matt Wilson,Harrison MW,VLD
79,Harrison,NY/US,Rebecca Anderson,Harrison RA,VLD
80,Henry W Grady HS,GA/US,Emmaline Harmon,Henry W Grady EH,VLD
81,Henry W Grady HS,GA/US,Griffin Richie,Henry W Grady GR,VLD
82,Henry W Grady HS,GA/US,Swagatam Das,Henry W Grady SD,VLD
83,Homewood-Flossmoor High School,IL/US,Nala King,Homewood-Flossmoor NK,VLD
84,Houston Memorial High School,TX/US,Alejo Orvananos,Houston Memorial AO,VLD
85,Houston Memorial High School,TX/US,Andrew Qin,Houston Memorial AQ,VLD
86,Houston Memorial High School,TX/US,Julia Meraji,Houston Memorial JM,VLD
87,Houston Memorial High School,TX/US,Joshua Sucec,Houston Memorial JS,VLD
88,Hunter College,NY/US,David Solecki,Hunter DS,VLD
89,Hunter College,NY/US,Kenneth Chen,Hunter KC,VLD
90,Hunter College,NY/US,Michael Ning,Hunter MN,VLD
91,Hunter College,NY/US,Nate Kruger,Hunter NK,VLD
92,Hunter College,NY/US,Scott Klein,Hunter SK,VLD
93,Immaculata La Salle High School,FL/US,Isabella Perez,Immaculata La Salle IP,VLD
94,James Bowie High School,TX/US,Joseph Bridges,James Bowie JB,VLD
95,James Bowie High School,TX/US,Tate Weston,James Bowie TW,VLD
96,Keller High School,TX/,Jada Bourne,Keller JB,VLD
97,King High School,FL/US,Arjan Kang,King AK,VLD
98,King High School,FL/US,Aniruth Narayanan,King AN,VLD
99,King High School,FL/US,Manish Bhatta,King MB,VLD
100,King High School,FL/US,Varun Kanneganti,King VK,VLD
101,La Salle College HS,PA/US,Ian Mattson,La Salle IM,VLD
102,La Salle College HS,PA/US,Tyler Wood,La Salle TW,VLD
103,Lake Highland Preparatory,FL/US,Ahad Ansari,Lake Highland Prep AA,VLD
104,Lake Highland Preparatory,FL/US,Alexander George,Lake Highland Prep AG,VLD
105,Lake Highland Preparatory,FL/US,Abby Morris,Lake Highland Prep AM,VLD
106,Lake Highland Preparatory,FL/US,Arjun Verma,Lake Highland Prep AV,VLD
107,Lake Highland Preparatory,FL/US,Jaden Ackerman,Lake Highland Prep JA,VLD
108,Lake Highland Preparatory,FL/US,Jaya Dayal,Lake Highland Prep JD,VLD
109,Lake Highland Preparatory,FL/US,Julia Wu,Lake Highland Prep JW,VLD
110,Lake Highland Preparatory,FL/US,Mimi Sawhney,Lake Highland Prep MS,VLD
111,Lake Highland Preparatory,FL/US,Parnika Agrawal,Lake Highland Prep PA,VLD
112,Lake Highland Preparatory,FL/US,Parker Cohen,Lake Highland Prep PC,VLD
113,Lake Highland Preparatory,FL/US,Rohith Ganjam,Lake Highland Prep RG,VLD
114,Lake Highland Preparatory,FL/US,Serena Lyou,Lake Highland Prep SL,VLD
115,Lake Highland Preparatory,FL/US,Sachin Shah,Lake Highland Prep SS,VLD
116,Lake Mary HS,FL/US,Hannah Swalina,Lake Mary HS,VLD
117,Lake Mary HS,FL/US,Matthew Hochfelder,Lake Mary MH,VLD
118,Lake Mary HS,FL/US,Sterling Goudrian,Lake Mary SG,VLD
119,Lake Travis HS,TX/US,Blake Ochoa,Lake Travis BO,VLD
120,Larcher Independent,TX/US,Beckett Larcher,Larcher Independent BL,VLD
121,Lexington HS,MA/US,Christina Li,Lexington CL,VLD
122,Lexington HS,MA/US,Derek Ying,Lexington DY,VLD
123,Lexington HS,MA/US,Evan Li,Lexington EL,VLD
124,Lexington HS,MA/US,Jeong-Wan Choi,Lexington JC,VLD
125,Lexington HS,MA/US,Jeffrey Gu,Lexington JG,VLD
126,Lexington HS,MA/US,Janet Mariadoss,Lexington JM,VLD
127,Lexington HS,MA/US,Megha Prasad,Lexington MP,VLD
128,Lexington HS,MA/US,Pranathi Srirangam,Lexington PS,VLD
129,Lexington HS,MA/US,Simran Gandhi,Lexington SG,VLD
130,Lexington HS,MA/US,Vedant Roy,Lexington VR,VLD
131,Louis D. Brandeis,TX/,Johncarlos Talamantez,Louis D. Brandeis JT,VLD
132,Louis D. Brandeis,TX/,Saba Rajput,Louis D. Brandeis SR,VLD
133,Manchester Essex Regional HS,MA/US,Abigail Conway,Manchester Essex AC,VLD
134,Marcus High School,TX/US,Kyle Lleras,Marcus KL,VLD
135,Marcus High School,TX/US,Noor Khader,Marcus NK,VLD
136,Marcus High School,TX/US,Uma Obalapuram,Marcus UO,VLD
137,McClintock,AZ/US,Carter Miller,McClintock CM,VLD
138,McClintock,AZ/US,Eli Botham,McClintock EB,VLD
139,McClintock,AZ/US,Logan Kraver,McClintock LK,VLD
140,McDowell HS,PA/US,Adi Nikolova,McDowell AN,VLD
141,McDowell HS,PA/US,Kirtan Patel,McDowell KP,VLD
142,McDowell HS,PA/US,Sandy Askins,McDowell SA,VLD
143,McDowell HS,PA/US,Shane Karnes,McDowell SK,VLD
144,McNeil HS,TX/,Abhishek Rao,McNeil AR,VLD
145,Millburn High School,NJ/US,Ashna Gaglani,Millburn AG,VLD
146,Millburn High School,NJ/US,Amanda Huang,Millburn AH,VLD
147,Millburn High School,NJ/US,Arnold Jia,Millburn AJ,VLD
148,Millburn High School,NJ/US,Arthur Wayne,Millburn AW,VLD
149,Millburn High School,NJ/US,Joy Luo,Millburn JL,VLD
150,Millburn High School,NJ/US,Kevin Wang,Millburn KW,VLD
151,Montgomery Blair,MD/US,Clark Zhang,Montgomery Blair CZ,VLD
152,Montgomery Blair,MD/US,Peter Zhang,Montgomery Blair PZ,VLD
153,Montville,NJ/US,Aaron Pottinger,Montville AP,VLD
154,Montville,NJ/US,Aditya Sharma,Montville AS,VLD
155,Mountain Brook HS,AL/US,Marielle Cornes,Mountain Brook MC,VLD
156,Myers Park High School,NC/US,Brandi Martin,Myers Park BM,VLD
157,Myers Park High School,NC/US,Zoe Macomber,Myers Park ZM,VLD
158,NSU University School,FL/US,Sebastian Frazier,NSU SF,VLD
159,Natrona County HS,WY/US,Chandra Frank,Natrona County CF,VLD
160,Natrona County HS,WY/US,Stephen Koch,Natrona County SK,VLD
161,Needham HS,MA/US,Samuel Cogen,Needham SC,VLD
162,Needham HS,MA/US,Sasha Rieser,Needham SR,VLD
163,Needham HS,MA/US,Will Conway,Needham WC,VLD
164,Needham HS,MA/US,Zachary Lu,Needham ZL,VLD
165,New Trier High School,IL/US,Caroline Siebert,New Trier CS,VLD
166,New Trier High School,IL/US,Emma Mansour,New Trier EM,VLD
167,New Trier High School,IL/US,Patrick Tolan,New Trier PT,VLD
168,New Trier High School,IL/US,Thomas Serrino,New Trier TS,VLD
169,New Trier High School,IL/US,William Thornton,New Trier WT,VLD
170,Newsome High School,FL/US,Dylan Burke,Newsome DB,VLD
171,Newtown High School,CT/US,Bryce Bisset,Newtown BB,VLD
172,Newtown High School,CT/US,Justin Kahn,Newtown JK,VLD
173,Newtown High School,CT/US,Lauren Davis,Newtown LD,VLD
174,Newtown High School,CT/US,Stephanie Cobb,Newtown SC,VLD
175,North Allegheny Sr HS,PA/US,Akshana Dassanaike,North Allegheny Sr AD,VLD
176,North Allegheny Sr HS,PA/US,Elijah Duckworth,North Allegheny Sr ED,VLD
177,North Allegheny Sr HS,PA/US,Joy Fu,North Allegheny Sr JF,VLD
178,Nova,FL/US,Farah Mohammed,Nova FM,VLD
179,Nova,FL/US,Vishnu Anand,Nova VA,VLD
180,Palo Alto High School Independent,CA/US,Ethan Hwang,Palo Alto HS Independent EH,VLD
181,Paradise Valley HS,AZ/,Emily Marquez,Paradise Valley EM,VLD
182,Paradise Valley HS,AZ/,Xander Agnello,Paradise Valley XA,VLD
183,Paul J Hagerty HS,FL/US,Serenity Anderson,Paul J Hagerty SA,VLD
184,Paul J Hagerty HS,FL/US,Sarah Cooke,Paul J Hagerty SC,VLD
185,Paul J Hagerty HS,FL/US,Shannon Pitts,Paul J Hagerty SP,VLD
186,Pembroke Pines Charter HS,FL/US,Jayvyn Dacas,Pembroke Pines Charter JD,VLD
187,Pembroke Pines Charter HS,FL/US,Kylie Fernandez,Pembroke Pines Charter KF,VLD
188,Pembroke Pines Charter HS,FL/US,Mariana Colicchio,Pembroke Pines Charter MC,VLD
189,Pembroke Pines Charter HS,FL/US,Michael Omole,Pembroke Pines Charter MO,VLD
190,Pembroke Pines Charter HS,FL/US,Robert Hershey,Pembroke Pines Charter RH,VLD
191,Phillips Academy Andover,MA/US,Junah Jang,Phillips Academy Andover JJ,VLD
192,Phillips Academy Andover,MA/US,Tiffany Chang,Phillips Academy Andover TC,VLD
193,Pine View School,FL/US,Alex Dixneuf,Pine View AD,VLD
194,Plano East Senior High School,TX/US,Ameera Khan,Plano East Senior AK,VLD
195,Plano East Senior High School,TX/US,Hamsika Gorty,Plano East Senior HG,VLD
196,Plano East Senior High School,TX/US,Hari Namdhari,Plano East Senior HN,VLD
197,Plano East Senior High School,TX/US,William Zhang,Plano East Senior WZ,VLD
198,Plano West Sr HS,TX/US,Anirudh Garg,Plano West Sr AG,VLD
199,Plano West Sr HS,TX/US,Shishir Waghgray,Plano West Sr SW,VLD
200,Plat Independent,TX/US,Breigh Plat,JPII BP,VLD
201,Poly Prep Country Day School,NY/US,David Bogner,Poly Prep Country Day DB,VLD
202,Princeton,NJ/US,Daniel Shahab,Princeton DS,VLD
203,Princeton,NJ/US,Vedansh Chauhan,Princeton VC,VLD
204,Puyallup High School,WA/US,David Blynov,Puyallup DB,VLD
205,Ridge High School,NJ/US,Alan Liu,Ridge AL,VLD
206,Ridge High School,NJ/US,Kevin Tang,Ridge KT,VLD
207,Ridge High School,NJ/US,Tanvi Namjoshi,Ridge TN,VLD
208,"Ridgewood HS - Ridgewood, NJ",NJ/US,Nathan Fallin,"Ridgewood HS - Ridgewood, NJ NF",VLD
209,Roslyn HS,NY/US,Andrew Goldberg,Roslyn AG,VLD
210,Roslyn HS,NY/US,Brandon Lee,Roslyn BL,VLD
211,Roslyn HS,NY/US,Daleep Grewal,Roslyn DG,VLD
212,Roslyn HS,NY/US,William Borges,Roslyn WB,VLD
213,Scarsdale HS,NY/US,Aanya Schoetz,Scarsdale AS,VLD
214,Scarsdale HS,NY/US,Brandon Yazdi,Scarsdale BY,VLD
215,Scarsdale HS,NY/US,Curtis Chang,Scarsdale CC,VLD
216,Scarsdale HS,NY/US,Felicity Huang,Scarsdale FH,VLD
217,Scarsdale HS,NY/US,Sanjana Bhatnagar,Scarsdale SB,VLD
218,Scarsdale HS,NY/US,Wolf Cukier,Scarsdale WC,VLD
219,Scarsdale HS,NY/US,Zachary Siegel,Scarsdale ZS,VLD
220,Sequoyah High School,GA/,Elijah Moore,Sequoyah EM,VLD
221,Southlake Carroll,TX/US,Tarun Ratnasabapathy,Southlake Carroll TR,VLD
222,St Pius X Catholic High School,GA/US,Joseph Tarnowski,St Pius X Catholic JT,VLD
223,St. Andrew's Episcopal School,MS/US,Bain McHale,St. Andrew's Episcopal BM,VLD
224,St. Andrew's Episcopal School,MS/US,Faraaz Yousuf,St. Andrew's Episcopal FY,VLD
225,St. Andrew's Episcopal School,MS/US,Ishan Bhatt,St. Andrew's Episcopal IB,VLD
226,St. Andrew's Episcopal School,MS/US,Osose Ewaleifoh,St. Andrew's Episcopal OE,VLD
227,Stoneman Douglas HS,FL/,Todd Hewling,Stoneman Douglas TH,VLD
228,Stoneman Douglas HS,FL/,William Berk,Stoneman Douglas WB,VLD
229,Strake Jesuit College Preparatory,TX/US,Arun Mehra,Strake Jesuit  AM,VLD
230,Strake Jesuit College Preparatory,TX/US,Brendan Barrett,Strake Jesuit  BB,VLD
231,Strake Jesuit College Preparatory,TX/US,Joshua Porter,Strake Jesuit  JP,VLD
232,Strake Jesuit College Preparatory,TX/US,Aneel Mehra,Strake Jesuit College Prep AMe,VLD
233,Strake Jesuit College Preparatory,TX/US,Ben Erdmann,Strake Jesuit College Prep BE,VLD
234,Strake Jesuit College Preparatory,TX/US,David Herrera,Strake Jesuit College Prep DH,VLD
235,Strake Jesuit College Preparatory,TX/US,Joseph Georges,Strake Jesuit College Prep JG,VLD
236,Strake Jesuit College Preparatory,TX/US,Joshua Herrera,Strake Jesuit College Prep JH,VLD
237,Strake Jesuit College Preparatory,TX/US,Vincent Liu,Strake Jesuit College Prep VL,VLD
238,Strake Jesuit College Preparatory,TX/US,Wyatt Hatfield,Strake Jesuit College Prep WH,VLD
239,Stuyvesant HS,NY/US,Alvin Yao,Stuyvesant AY,VLD
240,Stuyvesant HS,NY/US,Claire Liu,Stuyvesant CL,VLD
241,Stuyvesant HS,NY/US,Gallo Patel,Stuyvesant GP,VLD
242,Stuyvesant HS,NY/US,Sarai Pridgen,Stuyvesant SP,VLD
243,Success Academy Manhattan HS,NY/US,Bintou Cisse,Success Academy Manhattan BC,VLD
244,Success Academy Manhattan HS,NY/US,Chase Earland,Success Academy Manhattan CE,VLD
245,Success Academy Manhattan HS,NY/US,Lala Diallo,Success Academy Manhattan LD,VLD
246,Success Academy Manhattan HS,NY/US,Silma Bathily,Success Academy Manhattan SB,VLD
247,Success Academy Manhattan HS,NY/US,Tajaih Robinson,Success Academy Manhattan TR,VLD
248,Syosset HS,NY/US,Jason Lan,Syosset JL,VLD
249,Syosset HS,NY/US,Michael Wang,Syosset MW,VLD
250,Syosset HS,NY/US,Ronit Dhulia,Syosset RD,VLD
251,The Bronx High School Of Science,NY/US,Annie (Yijing) Wang,Bronx HS Of Science AW,VLD
252,The Bronx High School Of Science,NY/US,Howard Wang,Bronx HS Of Science HW,VLD
253,The Bronx High School Of Science,NY/US,William Freedman,Bronx HS Of Science WF,VLD
254,The Hill School,PA/US,Juliana Ma,Hill JM,VLD
255,The Hill School,PA/US,Nethmin Liyanage,Hill NL,VLD
256,The Woodlands High School,TX/US,Andrew Harding,Woodlands AH,VLD
257,The Woodlands High School,TX/US,Camryn Manley,Woodlands CM,VLD
258,The Woodlands High School,TX/US,Lulu Whitson,Woodlands LW,VLD
259,Thomas Jefferson HSST,VA/US,Avyuk Dixit,Thomas Jefferson HSST AD,VLD
260,Thomas Jefferson HSST,VA/US,Muhurto Rahman,Thomas Jefferson HSST MR,VLD
261,Thomas Jefferson HSST,VA/US,Rishabh Krishnan,Thomas Jefferson HSST RK,VLD
262,Thomas Jefferson HSST,VA/US,Teja Buddhavarapu,Thomas Jefferson HSST TB,VLD
263,Thomas Jefferson HSST,VA/US,Vikram Bala,Thomas Jefferson HSST VB,VLD
264,Thomas Jefferson HSST,VA/US,Yukta Chidanadan,Thomas Jefferson HSST YC,VLD
265,Timothy Christian,NJ/US,Joshua Matthew,Timothy Christian JM,VLD
266,Timothy Christian,NJ/US,Mark Ruta,Timothy Christian MR,VLD
267,Timothy Christian,NJ/US,Pranay Tsappidi,Timothy Christian PT,VLD
268,Timothy Christian,NJ/US,Steven George,Timothy Christian SG,VLD
269,Timothy Christian,NJ/US,Stacey Tkachuk,Timothy Christian ST,VLD
270,Timothy Christian,NJ/US,Zachary Lihn,Timothy Christian ZL,VLD
271,Trinity Preparatory School,FL/US,Alexandre Spallone,Trinity Prep AS,VLD
272,Tuloso-Midway High School,TX/US,Ivin Lam,Tuloso-Midway IL,VLD
273,Tuloso-Midway High School,TX/US,John Henry Stearns,Tuloso-Midway JS,VLD
274,Tulsa Washington,OK/US,Sam Robson,Tulsa Washington SR,VLD
275,Walt Whitman,MD/US,Alex Brodie,Walt Whitman AB,VLD
276,Walt Whitman,MD/US,Benjamin Waldman,Walt Whitman BW,VLD
277,Walt Whitman,MD/US,Cassandra Branson,Walt Whitman CB,VLD
278,Walt Whitman,MD/US,Clarissa Branson,Walt Whitman CBr,VLD
279,Walt Whitman,MD/US,Daniel Harris,Walt Whitman DH,VLD
280,Walt Whitman,MD/US,Heather Wang,Walt Whitman HW,VLD
281,Walt Whitman,MD/US,Jp Marquardt,Walt Whitman JM,VLD
282,West Broward HS,FL/US,Amanda Ciocca,West Broward AC,VLD
283,West Broward HS,FL/US,Ethan Massa,West Broward EM,VLD
284,West Des Moines Valley HS,IA/US,Animesh Joshi,West Des Moines Valley AJ,VLD
285,West Des Moines Valley HS,IA/US,Conal Thomas-McGinnis,West Des Moines Valley CT,VLD
286,Westborough HS,MA/US,Kael Pelletier,Westborough KP,VLD
287,Westford Academy,MA/US,David Towers,Westford DT,VLD
288,Westlake,TX/US,Amanda Chen,Westlake AC,VLD
289,Westlake,TX/US,Andrew Lee,Westlake AL,VLD
290,Westlake,TX/US,Shampurna Mitra,Westlake SM,VLD
291,Westview Independent,OR/US,Rohith Sudhakar,Westview Independent RS,VLD
292,Westview Independent,OR/US,Reetesh Sudhakar,Westview Independent RSu,VLD
293,William G. Enloe HS,NC/US,Anthony Cui,William G. Enloe AC,VLD
294,William G. Enloe HS,NC/US,Kaitlyn Han,William G. Enloe KH,VLD
295,William G. Enloe HS,NC/US,Tej Gedela,William G. Enloe TG,VLD
0,Abington Heights,PA/US,Chen & Weinberg,Abington Heights CW,VPF
1,Abington Heights,PA/US,Tserorski & Sullivan,Abington Heights TS,VPF
2,Acton-Boxborough Regional HS,MA/US,Aysola & Sousounis,Acton-Boxborough AS,VPF
3,Acton-Boxborough Regional HS,MA/US,Chen & Han,Acton-Boxborough CH,VPF
4,Acton-Boxborough Regional HS,MA/US,Choudhury & Lu,Acton-Boxborough ChLu,VPF
5,Acton-Boxborough Regional HS,MA/US,Cheng & Lai,Acton-Boxborough CL,VPF
6,Acton-Boxborough Regional HS,MA/US,Gu & Lai,Acton-Boxborough GL,VPF
7,Acton-Boxborough Regional HS,MA/US,Jain & Paravasthu,Acton-Boxborough JP,VPF
8,Acton-Boxborough Regional HS,MA/US,Lee & Rangan,Acton-Boxborough LR,VPF
9,Acton-Boxborough Regional HS,MA/US,Morgan & Morgan,Acton-Boxborough MM,VPF
10,Acton-Boxborough Regional HS,MA/US,Margolien & Shah,Acton-Boxborough MS,VPF
11,Acton-Boxborough Regional HS,MA/US,Narra & Handel,Acton-Boxborough NH,VPF
12,Acton-Boxborough Regional HS,MA/US,Qiu & Sun,Acton-Boxborough QS,VPF
13,Acton-Boxborough Regional HS,MA/US,Viswanathan & Satheesh,Acton-Boxborough VS,VPF
14,Acton-Boxborough Regional HS,MA/US,Gong & Wu,Acton-Boxborough WG,VPF
15,Albuquerque Academy,NM/US,Abraha & Kholwadwala,Albuquerque AK,VPF
16,Albuquerque Academy,NM/US,Carroll & Myers,Albuquerque CM,VPF
17,Albuquerque Academy,NM/US,Rifkin & Fitzgerald,Albuquerque RF,VPF
18,Albuquerque Academy,NM/US,Viets & Bauer,Albuquerque VB,VPF
19,All Saints Episcopal School,TX/US,Harrison & Stein,All Saints Episcopal HS,VPF
20,All Saints Episcopal School,TX/US,Pan & Tidwell,All Saints Episcopal PT,VPF
21,American Heritage Plantation HS,FL/US,Ratzan & Zafar,American Heritage Plantation RZ,VPF
22,American Heritage Plantation HS,FL/US,Shaw & Rajpal,American Heritage Plantation SR,VPF
23,American Heritage Plantation HS,FL/US,Somasundaram & Somasundaram,American Heritage Plantation SS,VPF
24,American Heritage Plantation HS,FL/US,Zhuravsky & Chander,American Heritage Plantation ZC,VPF
25,Ames,IA/US,Aydinyan & Mkhitaryan,Ames AM,VPF
26,Andover High School,MN/US,Geiss & Anderson,Andover GA,VPF
27,Andover High School,MN/US,Voge & Slavik,Andover VS,VPF
28,Archbishop McCarthy HS,FL/US,Laguna & Storey,Archbishop McCarthy LS,VPF
29,Ardrey Kell HS,NC/US,Adiraju & Sureneni,Ardrey Kell AS,VPF
30,Ardrey Kell HS,NC/US,Jayasekar & Chaturvedi,Ardrey Kell JC,VPF
31,Ardrey Kell HS,NC/US,Rogers & Goel,Ardrey Kell RG,VPF
32,Ardrey Kell HS,NC/US,Vanam & Rastogi,Ardrey Kell VR,VPF
33,Asheville HS,NC/US,Casson & Hammonds,Asheville CH,VPF
34,BASIS Mclean Independent.,VA/US,Sanghavi & Shin,BASIS Mclean Independent SS,VPF
35,Bard High School Early College Quee,NY/US,Helfand & Mahler,Bard HS Early College Queens HM,VPF
36,Belen Jesuit Prep,FL/US,Caballero & De La Maza,Belen Jesuit Prep CD,VPF
37,Bergen County Academies,NJ/US,Singh & Donovan,Bergen County Academies SD,VPF
38,Berkeley Carroll School,NY/,Fergus & McShane,Berkeley Carroll FM,VPF
39,Berkeley Carroll School,NY/,McBarron & Fiedelholtz,Berkeley Carroll MF,VPF
40,Blair Academy,NJ/US,Affron & Hess,Blair AH,VPF
41,Boca Raton Community HS,FL/US,Loesel & Livingstone,Boca Raton LL,VPF
42,Boca Raton Community HS,FL/US,Ponters & Walters,Boca Raton PW,VPF
43,Boston Latin School,MA/US,Han & Ma,Boston Latin HM,VPF
44,Bridgewater Independent,NJ/US,Inta & Melendi,Bridgewater IM,VPF
45,Byram Hills HS,NY/US,Brocato & Baquero,Byram Hills BB,VPF
46,Cambridge Rindge and Latin,MA/US,Mazumder & Singh,Cambridge Rindge and Latin MS,VPF
47,Capitol Debate,CA/US,Bratt & Choo,Capitol BC,VPF
48,Capitol Debate,CA/US,Pitchkhadze & Dham,Capitol PD,VPF
49,Cardinal Gibbons,FL/US,Malinsky & Jaramillo,Cardinal Gibbons MJ,VPF
50,Cardinal Newman HS,FL/US,Lunden & Faber,Cardinal Newman FL,VPF
51,Carrollton,GA/US,Albert & Siek,Carrollton AS,VPF
52,Carrollton,GA/US,Bohannon & Berzsenyi,Carrollton BB,VPF
53,Carrollton,GA/US,Harper & Cuellar,Carrollton HC,VPF
54,Carrollton,GA/US,Smith & Mikilitus,Carrollton MS,VPF
55,Carrollton,GA/US,Penley & Lopez-Miranda,Carrollton PL,VPF
56,Carrollton,GA/US,Berzsenyi & Taylor,Carrollton TB,VPF
57,Cary Academy,NC/US,Han & Atieh,Cary AH,VPF
58,Cary Academy,NC/US,Williams & McCallum,Cary WM,VPF
59,Chaminade HS,NY/US,O'Hara & McCabe,Chaminade OM,VPF
60,Chaminade HS,NY/US,Ventura & Fuschillo,Chaminade VF,VPF
61,Charlotte Catholic HS,NC/US,Rauch & White,Charlotte Catholic WR,VPF
62,Charlotte Latin School,NC/US,Gwaltney & Singh,Charlotte Latin GS,VPF
63,Charlotte Latin School,NC/US,Neligan & Spicer,Charlotte Latin NS,VPF
64,Chelmsford Speech and Debate,MA/US,Krishnaswamy & Parameswaran,Chelmsford KP,VPF
65,Corona Del Sol HS,AZ/US,Pattipati & Jiang,Corona Del Sol PJ,VPF
66,Cranbrook,MI/US,Ghilezan & Richie,Cranbrook GR,VPF
67,Cranbrook,MI/US,Khanna & Luo,Cranbrook KL,VPF
68,Cranbrook,MI/US,Shi & Kang,Cranbrook SK,VPF
69,Cranbrook,MI/US,Zhen & Ren,Cranbrook ZR,VPF
70,Cypress Creek HS,TX/US,Bazan & Ochoa,Cypress Creek BO,VPF
71,Delbarton School,NJ/US,Amin & Gajewski,Delbarton AG,VPF
72,Delbarton School,NJ/US,Gritz & Smart,Delbarton GS,VPF
73,Delbarton School,NJ/US,Li & Teehan,Delbarton LT,VPF
74,Delbarton School,NJ/US,Luo & Townsend,Delbarton LuTo,VPF
75,Delbarton School,NJ/US,St. John & Kraft,Delbarton SK,VPF
76,Desert Vista HS,AZ/US,Cooley & Gill,Desert Vista CG,VPF
77,Durham Academy,NC/US,Chang & Park,Durham CP,VPF
78,Durham Academy,NC/US,Kum & Dalva-Baird,Durham KD,VPF
79,Durham Academy,NC/US,Owens & Kim,Durham OK,VPF
80,Durham Academy,NC/US,Wang & Hays,Durham WH,VPF
81,Eagan HS,MN/,Patel & Scheller,Eagan PS,VPF
82,Edgemont HS,NY/US,Friedman & Mandadjiev,Edgemont FM,VPF
83,Edgemont HS,NY/US,Guo & Yang,Edgemont GY,VPF
84,Edgemont HS,NY/US,Kang & Salimi,Edgemont KaSa,VPF
85,Edgemont HS,NY/US,Kong & Semimoto,Edgemont KS,VPF
86,Edgemont HS,NY/US,Lin & Malik,Edgemont LM,VPF
87,Edgemont HS,NY/US,Singh & Masam,Edgemont SM,VPF
88,Evanston Twp HS,IL/US,Benson-Williams & Allen,Evanston Twp BA,VPF
89,Evanston Twp HS,IL/US,Hartenstein & Ringstad,Evanston Twp HR,VPF
90,Evanston Twp HS,IL/US,Johnson & Ward,Evanston Twp JW,VPF
91,Fort Lee High School,NJ/US,Choi & Papaioannou,Fort Lee CP,VPF
92,Freehold Township,NJ/US,Crafton-Tempel & Lakhani,Freehold Township CL,VPF
93,Freehold Township,NJ/US,Masarik & Kaminsky,Freehold Township MK,VPF
94,Freehold Township,NJ/US,Doshi & Surasani,Freehold Township SD,VPF
95,Freehold Township,NJ/US,Tu & Gabizon,Freehold Township TG,VPF
96,Ft Lauderdale HS,FL/US,Botknecht & Medrano,Ft Lauderdale BM,VPF
97,Ft Lauderdale HS,FL/US,Pavon & Safdelli,Ft Lauderdale PS,VPF
98,Ft Lauderdale HS,FL/US,Zaldumbide & Denis,Ft Lauderdale ZD,VPF
99,Geneva School Of Boerne,TX/US,Cone & Ackermann,Geneva School Of Boerne CA,VPF
100,Geneva School Of Boerne,TX/US,Hardin & Scott,Geneva School Of Boerne HS,VPF
101,George Ranch HS,TX/,Ali & Parks,George Ranch AP,VPF
102,George Ranch HS,TX/,Chen & Hoskins,George Ranch CH,VPF
103,Henry W Grady HS,GA/US,Downes & Poss,Henry W Grady DP,VPF
104,Henry W Grady HS,GA/US,Damiani & Thomas,Henry W Grady DT,VPF
105,Henry W Grady HS,GA/US,Stegelman & Robison,Henry W Grady SR,VPF
106,Henry W Grady HS,GA/US,Tanner & Rentz-Baker,Henry W Grady TR,VPF
107,Horace Mann HS,NY/US,Chiang & Gerstenhaber,Horace Mann CG,VPF
108,Horace Mann HS,NY/US,He & Lee,Horace Mann HL,VPF
109,Horace Mann HS,NY/US,Mussa & Jiang,Horace Mann MJ,VPF
110,Horace Mann HS,NY/US,Mehrotra & Kim,Horace Mann MK,VPF
111,Horace Mann HS,NY/US,Moolji & Moolji,Horace Mann MM,VPF
112,Horace Mann HS,NY/US,Snyder & Granmayeh,Horace Mann SG,VPF
113,Horace Mann HS,NY/US,Sanger & Jin,Horace Mann SJ,VPF
114,Horace Mann HS,NY/US,Soodak & Mark,Horace Mann SM,VPF
115,Horace Mann HS,NY/US,Snyder & Granmayeh,Horace Mann SnGr,VPF
116,Horace Mann HS,NY/US,Xing & Shi,Horace Mann XS,VPF
117,Hunter College,NY/US,Karri & Ahn,Hunter AK,VPF
118,Hunter College,NY/US,Attada & Tian,Hunter AT,VPF
119,Hunter College,NY/US,Bovenzi & Xing,Hunter BX,VPF
120,Hunter College,NY/US,Karri & Li,Hunter KL,VPF
121,Hunter College,NY/US,O'Brien & Wang,Hunter OW,VPF
122,Hunter College,NY/US,Tollock & Cheshire,Hunter TC,VPF
123,Hunter College,NY/US,Tawil & Roz,Hunter TR,VPF
124,Immaculata La Salle High School,FL/US,Alaimo & Smith,Immaculata La Salle AS,VPF
125,Immaculata La Salle High School,FL/US,Camacho & Medina,Immaculata La Salle CM,VPF
126,Ivy Bridge Academy,GA/,Najaf & Vedula,Ivy Bridge NV,VPF
127,James Bowie High School,TX/US,Bellman & Maedgen,James Bowie BM,VPF
128,Jasper HS,TX/,Kotha & Ma,Jasper KM,VPF
129,Jasper HS,TX/,Nie & Yi,Jasper NY,VPF
130,Johns Creek Independent,GA/US,Biswas & Gowda,Johns Creek Independent BG,VPF
131,Keller High School,TX/,Phillips & Kayser,Keller PK,VPF
132,King High School,FL/US,Piechota & Meyers,King PM,VPF
133,Klein HS,TX/,Gunda & Irfan,Klein GI,VPF
134,Klein HS,TX/,Wu & Zhou,Klein WZ,VPF
135,La Costa Canyon HS,CA/US,Mitchell & Boyd,La Costa Canyon MB,VPF
136,Lake Highland Preparatory,FL/US,Ou & Kumar,Lake Highland Prep OK,VPF
137,Lake Mary HS,FL/US,Casey & Milliard,Lake Mary CM,VPF
138,Lake Mary HS,FL/US,Cabrera & Weger,Lake Mary CW,VPF
139,Lake Mary HS,FL/US,Dembrak & Furlong,Lake Mary DF,VPF
140,Lake Mary HS,FL/US,Elwell & Mohammed,Lake Mary EM,VPF
141,Lake Mary Prep,FL/US,Huang & Manfredi,Lake Mary Prep HM,VPF
142,Lake Travis HS,TX/US,Clemmons & Piwonka,Lake Travis CP,VPF
143,Leadership and Public Service High,NY/US,Cordero & Singh,Leadership and Public Service CS,VPF
144,Lexington HS,MA/US,Pannirselvam & Wang,Lexington PW,VPF
145,Lincoln-Sudbury Regional  HS,MA/US,Cigale & Shankar,Lincoln-Sudbury Regional CS,VPF
146,Lincoln-Sudbury Regional  HS,MA/US,Howell & Sun,Lincoln-Sudbury Regional HS,VPF
147,Livingston High School,NJ/US,Hall & Saxena,Livingston HS,VPF
148,Livingston High School,NJ/US,Kim & Reiter,Livingston KR,VPF
149,Manchester Essex Regional HS,MA/US,Kahle & Roberts,Manchester Essex KR,VPF
150,Manchester Essex Regional HS,MA/US,Swanson & Vytopil,Manchester Essex SV,VPF
151,Marriotts Ridge High School,MD/US,He & Nayak,Marriotts Ridge HN,VPF
152,Marriotts Ridge High School,MD/US,Kim & Kim,Marriotts Ridge KK,VPF
153,McDowell HS,PA/US,Brobst & Kaleta,McDowell BK,VPF
154,Millburn High School,NJ/US,Agarwal & Zhu,Millburn AZ,VPF
155,Millburn High School,NJ/US,Han & Han,Millburn HH,VPF
156,Montgomery Blair,MD/US,Chen & Dong,Montgomery Blair CD,VPF
157,Montgomery Blair,MD/US,Casertano & Pai,Montgomery Blair CP,VPF
158,Montgomery Blair,MD/US,Hu & Wen,Montgomery Blair HW,VPF
159,Montgomery Blair,MD/US,Jiang & Qian,Montgomery Blair JQ,VPF
160,Montgomery Blair,MD/US,Tang & Keshav,Montgomery Blair TK,VPF
161,Montville,NJ/US,Choi & Popovska,Montville CP,VPF
162,Montville,NJ/US,Ganesh & Bhat,Montville GB,VPF
163,Montville,NJ/US,Luhana & Maniar,Montville LM,VPF
164,Montville,NJ/US,Stone & Purn,Montville SP,VPF
165,Morristown West HS,TN/US,Noe & Torres,Morristown West NT,VPF
166,Mountain Brook HS,AL/US,Battle & Beck,Mountain Brook BB,VPF
167,Mountain Brook HS,AL/US,Butrus & Wood,Mountain Brook BW,VPF
168,Myers Park High School,NC/US,Augustyn & Jenkins,Myers Park AJ,VPF
169,Myers Park High School,NC/US,Bolt & Lamberson,Myers Park BL,VPF
170,Myers Park High School,NC/US,Choe & Cole,Myers Park CC,VPF
171,NSU University School,FL/US,Arias & Gutkin,NSU AG,VPF
172,NSU University School,FL/US,Samson & Ronkin,NSU SR,VPF
173,New Trier High School,IL/US,Bozkurt & Orhon,New Trier BO,VPF
174,Newburgh Free Academy,NY/US,Eliadis & Olitan,Newburgh Free EO,VPF
175,Newburgh Free Academy,NY/US,Stewart & Morabito,Newburgh Free MS,VPF
176,Newburgh Free Academy,NY/US,Tigar & Patel,Newburgh Free TP,VPF
177,Newburgh Free Academy,NY/US,Zylberberg & jaffari,Newburgh Free ZJ,VPF
178,Newsome High School,FL/US,Mukhtar & Birnholz,Newsome MB,VPF
179,Newton North,MA/US,Sun & Brunson,Newton North BS,VPF
180,Newton North,MA/US,Farrar & McCormick,Newton North FM,VPF
181,Newton South HS,MA/US,Chae & Stolow,Newton South CS,VPF
182,Newton South HS,MA/US,Garg & Sridhar,Newton South GS,VPF
183,Newton South HS,MA/US,Jones & Li,Newton South JL,VPF
184,Newton South HS,MA/US,Rosen & Jiang,Newton South JR,VPF
185,Newton South HS,MA/US,Kestenberg & Chassé,Newton South KC,VPF
186,Newton South HS,MA/US,Lezhnin & Kim,Newton South LK,VPF
187,Newton South HS,MA/US,Lazar & Wu,Newton South LW,VPF
188,Newton South HS,MA/US,Makarovsky & Mobarak,Newton South MM,VPF
189,Newton South HS,MA/US,Moshes & Saloum,Newton South MoSa,VPF
190,Newton South HS,MA/US,Sawhney & Jiao,Newton South SJ,VPF
191,Newton South HS,MA/US,Ramana & Silvian,Newton South SR,VPF
192,Newton South HS,MA/US,Zhang & Madigan,Newton South ZM,VPF
193,Newton South HS,MA/US,Zhang & Sebastian,Newton South ZS,VPF
194,Newtown High School,CT/US,Spies & Huffman,Newtown SH,VPF
195,Nightingale Bamford,NY/US,Benedetti & Jereissati,Nightingale Bamford BJ,VPF
196,Nightingale Bamford,NY/US,Dingle & Margulies,Nightingale Bamford DM,VPF
197,Nightingale Bamford,NY/US,Ireland & Lee,Nightingale Bamford IL,VPF
198,Nightingale Bamford,NY/US,Sklar & Rodriguez,Nightingale Bamford SR,VPF
199,Niskayuna High School,NY/US,Duggal & Yao,Niskayuna DY,VPF
200,North Allegheny Sr HS,PA/US,Catanzaro & Ma,North Allegheny Sr CM,VPF
201,North Allegheny Sr HS,PA/US,Ahmad & Gao,North Allegheny Sr GA,VPF
202,North Allegheny Sr HS,PA/US,Mittal & Narayan,North Allegheny Sr MN,VPF
203,North Allegheny Sr HS,PA/US,Mei & Shao,North Allegheny Sr MS,VPF
204,North Allegheny Sr HS,PA/US,Zhou & Dahake,North Allegheny Sr ZD,VPF
205,North Attleboro High,MA/US,Masek & Rajadurai,North Attleboro MR,VPF
206,North Mecklenburg HS,NC/US,Koneru & Nusinov,North Mecklenburg KN,VPF
207,Northwest HS,TX/,Grimm & Grice,Northwest GG,VPF
208,Nova,FL/US,Bello & Smith,Nova BeSm,VPF
209,Nova,FL/US,Blystone & Sanoir,Nova BS,VPF
210,Nova,FL/US,Eloy & Garland,Nova GE,VPF
211,Nova,FL/US,Grosso & Redler,Nova GR,VPF
212,Nova,FL/US,Allen & Rubens,Nova RA,VPF
213,Nova,FL/US,Kabir & Siegel,Nova SK,VPF
214,Nova,FL/US,Tatiana Comeau,Nova TC,VPF
215,Oakton HS,VA/US,Zhu & Yoon,Oakton ZY,VPF
216,Oxbridge Academy of the Palm Beache,FL/US,McKenna & Hoffman,Oxbridge Academy of the Palm Beaches MH,VPF
217,Oxbridge Academy of the Palm Beache,FL/US,Sadati & Neligan,Oxbridge Academy of the Palm Beaches SN,VPF
218,Oxbridge Academy of the Palm Beache,FL/US,Vaughan Williams & Sadati,Oxbridge Academy of the Palm Beaches VS,VPF
219,Packer,NY/US,Champagne & Luckett,Packer CL,VPF
220,Paradise Valley HS,AZ/,Groman & Warrier,Paradise Valley GW,VPF
221,Paul J Hagerty HS,FL/US,Gil & O'Brien,Paul J Hagerty GO,VPF
222,Paul J Hagerty HS,FL/US,Haley & Oakman,Paul J Hagerty HO,VPF
223,Phoenix Country Day School,AZ/US,Tehranchi & Ori,Phoenix Country Day TO,VPF
224,Pinecrest HS,NC/US,Diasio & Ledford,Pinecrest DL,VPF
225,Plano West Sr HS,TX/US,Annam & Wang,Plano West Sr AW,VPF
226,Plano West Sr HS,TX/US,Fan & Zhang,Plano West Sr FZ,VPF
227,Plano West Sr HS,TX/US,Gundam & Mammen,Plano West Sr GM,VPF
228,Plano West Sr HS,TX/US,Jiang & Huang,Plano West Sr JH,VPF
229,Plano West Sr HS,TX/US,Krueger & Romo,Plano West Sr KR,VPF
230,Plano West Sr HS,TX/US,Lakhani & Mullassery,Plano West Sr LM,VPF
231,Plano West Sr HS,TX/US,Liang & Rao,Plano West Sr LR,VPF
232,Plano West Sr HS,TX/US,Lin & Wei,Plano West Sr LW,VPF
233,Plano West Sr HS,TX/US,Ogata & Rajagopalan,Plano West Sr OR,VPF
234,Plano West Sr HS,TX/US,Spall & Zhen,Plano West Sr SZ,VPF
235,Poly Prep Country Day School,NY/US,Fernandez & Kaye,Poly Prep Country Day FK,VPF
236,Poly Prep Country Day School,NY/US,Humes & Leduc,Poly Prep Country Day HL,VPF
237,Potomac Debate Academy,MD/US,Cao & Wang,Potomac CW,VPF
238,Potomac Debate Academy,MD/US,Fu & Qian,Potomac FQ,VPF
239,Potomac Debate Academy,MD/US,Wang & Wang,Potomac WW,VPF
240,Princeton,NJ/US,Haneef & Lin,Princeton HL,VPF
241,Princeton,NJ/US,Peng & Roychowdhury,Princeton PR,VPF
242,Puyallup High School,WA/US,Lappin & Burchett,Puyallup LB,VPF
243,Puyallup High School,WA/US,Sprague & Eklund,Puyallup SE,VPF
244,Randolph High School,NJ/US,Park & McConnell,Randolph PM,VPF
245,Randolph High School,NJ/US,Syed & Ullah,Randolph SU,VPF
246,Ransom Everglades,FL/US,Kerr & Rywell,Ransom Everglades KR,VPF
247,Ransom Everglades,FL/US,Stern & Schurr,Ransom Everglades SS,VPF
248,Red Mountain High School,AZ/US,Perez & Tribby,Red Mountain PT,VPF
249,Regis High School,NY/US,Adamo & Petukhov,Regis AP,VPF
250,Regis High School,NY/US,Cha & Hayes,Regis CH,VPF
251,Regis High School,NY/US,DeSena & Lee,Regis DL,VPF
252,Regis High School,NY/US,Delaney & McGibbon,Regis DM,VPF
253,Regis High School,NY/US,Donohue & McCordick,Regis DoMc,VPF
254,Regis High School,NY/US,Greene & Sheehan,Regis GS,VPF
255,Regis High School,NY/US,Fava-Pastilha & Kuharski,Regis KF,VPF
256,Regis High School,NY/US,Kluge & O'Neill,Regis KO,VPF
257,Regis High School,NY/US,Lamberti & Mazzariello,Regis LM,VPF
258,Regis High School,NY/US,Lee & Singleton,Regis LS,VPF
259,Regis High School,NY/US,Mader & Ryan,Regis MR,VPF
260,Richard Montgomery HS,MD/US,Guo & Lin,Richard Montgomery GL,VPF
261,Richard Montgomery HS,MD/US,Hu & Zhao,Richard Montgomery HZ,VPF
262,Richard Montgomery HS,MD/US,Liu & Tewari,Richard Montgomery LT,VPF
263,Richard Montgomery HS,MD/US,Nazare & Shao,Richard Montgomery NS,VPF
264,Richard Montgomery HS,MD/US,Sun & Wu,Richard Montgomery SW,VPF
265,Ridge High School,NJ/US,Raviarasan & Wen,Ridge RW,VPF
266,Ridge High School,NJ/US,Singh & Sun,Ridge SS,VPF
267,Ridge High School,NJ/US,Wang & Kutty,Ridge WK,VPF
268,SandHoke Early College,NC/US,Alexander & Daniels,SandHoke Early AD,VPF
269,Scarsdale HS,NY/US,Epstein & Dhuri,Scarsdale ED,VPF
270,Scarsdale HS,NY/US,Yang & Dhaliwal,Scarsdale YD,VPF
271,Sequoyah High School,GA/,Ambriz & Ambriz,Sequoyah AA,VPF
272,Sequoyah High School,GA/,Doerr & McKenzie,Sequoyah DM,VPF
273,Sequoyah High School,GA/,Forbes & Crayton,Sequoyah FC,VPF
274,Sequoyah High School,GA/,Kirby & Luedke,Sequoyah KL,VPF
275,Seven Lakes High School,TX/US,Chan & Zhong,Seven Lakes CZ,VPF
276,Seven Lakes High School,TX/US,Gao & Rao,Seven Lakes GR,VPF
277,Seven Lakes High School,TX/US,Manjul & Samarth,Seven Lakes MS,VPF
278,Seven Lakes High School,TX/US,Neelala & Srivastava,Seven Lakes NS,VPF
279,Sharon,MA/US,Bielawa & Ivanov,Sharon BI,VPF
280,Sharon,MA/US,Murthy & Posternak,Sharon MP,VPF
281,Sharon,MA/US,Zhang & Blatte,Sharon ZB,VPF
282,Shrewsbury,MA/US,Buckley & McCue,Shrewsbury BM,VPF
283,Shrewsbury,MA/US,Hyland & Costa,Shrewsbury HC,VPF
284,Shrewsbury,MA/US,Warty & Iyer,Shrewsbury WI,VPF
285,St John's School,TX/US,Moore & Waters,St John's MW,VPF
286,St Thomas Aquinas HS,FL/US,Gates & Escobar,St Thomas Aquinas GE,VPF
287,Stoneman Douglas HS,FL/,Guerra & Urbina,Stoneman Douglas GU,VPF
288,Stoneman Douglas HS,FL/,Tam & Ali,Stoneman Douglas TA,VPF
289,Stratford,TX/US,Bonnete & Dozier,Stratford BD,VPF
290,Stratford,TX/US,Xu & Wang,Stratford XW,VPF
291,Stuyvesant HS,NY/US,Annenberg & Han,Stuyvesant AH,VPF
292,Stuyvesant HS,NY/US,Fleissig & Abeyweera,Stuyvesant FA,VPF
293,Stuyvesant HS,NY/US,Spinna & Green,Stuyvesant SG,VPF
294,Stuyvesant HS,NY/US,Sword & Lee,Stuyvesant SL,VPF
295,Summit Academy HS,UT/US,Whitaker & Long,Summit WL,VPF
296,Summit HS,NJ/US,Ammaturo & Baldacci,Summit AB,VPF
297,Summit HS,NJ/US,Clements & Li,Summit CL,VPF
298,Summit HS,NJ/US,Hawkins & Offer,Summit HO,VPF
299,Summit HS,NJ/US,Supran & Sabuncu,Summit SS,VPF
300,Syosset HS,NY/US,Chadha & Rudra,Syosset CR,VPF
301,Syosset HS,NY/US,Lee & Schwartzberg,Syosset LS,VPF
302,The Altamont School,AL/US,Bashir & Goyal,Altamont BG,VPF
303,The Altamont School,AL/US,Cook & Lembke,Altamont CL,VPF
304,The Altamont School,AL/US,Coleman & Sultan,Altamont CS,VPF
305,The Blake School,MN/US,Gill & Johnson,Blake GJ,VPF
306,The Blake School,MN/US,Swigert & Wu,Blake SW,VPF
307,The Bromfield School,MA/US,Atwell & Khurana,Bromfield AK,VPF
308,The Bromfield School,MA/US,Li & Yu,Bromfield LY,VPF
309,The Bromfield School,MA/US,Selig & Kommineni,Bromfield SK,VPF
310,The Bronx High School Of Science,NY/US,Dadak & Ganguly,Bronx HS Of Science DG,VPF
311,The Bronx High School Of Science,NY/US,Kamen & Nahmiyas,Bronx HS Of Science KN,VPF
312,The Bronx High School Of Science,NY/US,Oestericher & Silver,Bronx HS Of Science OS,VPF
313,The Bronx High School Of Science,NY/US,Zerof & Ellerstein,Bronx HS Of Science ZE,VPF
314,The Dalton School,NY/US,Blaustein & Freilich,Dalton BF,VPF
315,The Dalton School,NY/US,Cuello-Wolffe & Fielding,Dalton CF,VPF
316,The Dalton School,NY/US,Solomon & Choi,Dalton CS,VPF
317,The Dalton School,NY/US,Hammerman & Press,Dalton HP,VPF
318,The Dalton School,NY/US,Suh & Huntington,Dalton SH,VPF
319,The Hill School,PA/US,Carroll & Cohen,Hill CC,VPF
320,The Potomac School,VA/US,Abbasi & Abbasi,Potomac AA,VPF
321,The Potomac School,VA/US,Shenkman & Kwon,Potomac SK,VPF
322,The Spence School,NY/US,Chough & Pesantez,Spence CP,VPF
323,The Spence School,NY/US,Frank & Cahilly,Spence FC,VPF
324,The Spence School,NY/US,Lewis & Reid,Spence LR,VPF
325,The Woodlands High School,TX/US,Ansari & Gonzalez,Woodlands AG,VPF
326,The Woodlands High School,TX/US,Bhatt & Sayeed,Woodlands BS,VPF
327,The Woodlands High School,TX/US,Kamykowski & Saleh,Woodlands KS,VPF
328,Theodore Roosevelt High School,IA/US,Appel & Chilukuri,Theodore Roosevelt AC,VPF
329,Thomas S. Wootton High School,MD/US,Moorjani & Ramesh,Thomas S. Wootton MR,VPF
330,Thomas S. Wootton High School,MD/US,Mu & Shivaprasad,Thomas S. Wootton MS,VPF
331,Thomas S. Wootton High School,MD/US,Tegen & Zeng,Thomas S. Wootton TZ,VPF
332,Timothy Christian,NJ/US,Oduro & Hausheer,Timothy Christian OH,VPF
333,Timothy Christian,NJ/US,Tang & Li,Timothy Christian TL,VPF
334,Tompkins High School,TX/US,Padmanaban & Dave,Tompkins PD,VPF
335,Tompkins High School,TX/US,Rapolu & Sambaraj,Tompkins RS,VPF
336,Tompkins High School,TX/US,Wu & Wang,Tompkins WW,VPF
337,Trinity Preparatory School,FL/US,Huang & Rohrbaugh,Trinity Prep HR,VPF
338,Trinity Preparatory School,FL/US,Place & Tabirian,Trinity Prep PT,VPF
339,Trinity School,NY/US,Cross & Lathen,Trinity CL,VPF
340,Trinity School,NY/US,Davidson & Bayer,Trinity DB,VPF
341,Trinity School,NY/US,Martin & McCollum,Trinity MM,VPF
342,Trinity School,NY/US,Muntzer & Triedman,Trinity MT,VPF
343,Unionville,PA/US,Gadagkar & Gundecha,Unionville GG,VPF
344,Unionville,PA/US,Lambert & Sett,Unionville LS,VPF
345,Unionville,PA/US,Kinane & Wang,Unionville WK,VPF
346,Urban Academy,NY/US,Ingall & Walzer-Goldfeld,Urban IW,VPF
347,Urban Academy,NY/US,Walzer-Goldfeld & Harrison,Urban WH,VPF
348,Valley HS Independent,NV/US,Landazuri & Landazuri,Valley HS Independent LL,VPF
349,Walt Whitman,MD/US,Baisinger-Rosen & Weerakoon,Walt Whitman BW,VPF
350,Walt Whitman,MD/US,Feuer & Hepburn,Walt Whitman FH,VPF
351,Walt Whitman,MD/US,Gauri & Trainor,Walt Whitman GT,VPF
352,Walt Whitman,MD/US,Hirsh & Liles,Walt Whitman HL,VPF
353,Walt Whitman,MD/US,Haber & McGuire,Walt Whitman HM,VPF
354,Walt Whitman,MD/US,Kaufmann & Khan,Walt Whitman KK,VPF
355,Walt Whitman,MD/US,Koletanski & London,Walt Whitman KL,VPF
356,Walt Whitman,MD/US,Leonhardt & Sylvester,Walt Whitman LeSy,VPF
357,Walt Whitman,MD/US,Lennie & O'Connell,Walt Whitman LO,VPF
358,Walt Whitman,MD/US,Lesser & Shami,Walt Whitman LS,VPF
359,Walt Whitman,MD/US,Olson & Brown,Walt Whitman OB,VPF
360,Walt Whitman,MD/US,Rock & Singer,Walt Whitman RoSi,VPF
361,Walt Whitman,MD/US,Reddy & Swistak,Walt Whitman RS,VPF
362,Walt Whitman,MD/US,Varner & Corbin,Walt Whitman VC,VPF
363,Walt Whitman,MD/US,Villani & Rosenstein,Walt Whitman VR,VPF
364,Waring School,MA/US,Carraher-Kang & Fedele,Waring FC,VPF
365,Waring School,MA/US,Holz & Douglas,Waring HD,VPF
366,Waring School,MA/US,Kautz & Malley,Waring KM,VPF
367,Waring School,MA/US,Buhl & Tham,Waring TB,VPF
368,Wayland High School,MA/US,Baranovsky & Zhang,Wayland BZ,VPF
369,Wayland High School,MA/US,Goldstone & Zhang,Wayland GZ,VPF
370,Wayland High School,MA/US,Wang & Wang,Wayland WaWa,VPF
371,Wayland High School,MA/US,Weling & Wang,Wayland WW,VPF
372,West Broward HS,FL/US,Quinn & Wing,West Broward QW,VPF
373,West Orange High School,FL/US,Sandoval & Baldauf,West Orange SB,VPF
374,West Orange High School,FL/US,Sandoval & Jackson,West Orange SJ,VPF
375,Westborough HS,MA/US,Karthick & Gangopadhyay,Westborough KG,VPF
376,Westborough HS,MA/US,Sadagopan & Kumar,Westborough SK,VPF
377,Westfield Debate Team,NJ/US,Mehta & Zhao,Westfield MZ,VPF
378,Westlake,TX/US,Dodgin & Sigel,Westlake DoSi,VPF
379,Westlake,TX/US,Daghestani & Reddy,Westlake DR,VPF
380,Westlake,TX/US,Dintzner & Slimi,Westlake DS,VPF
381,Westlake,TX/US,Ho & Luo,Westlake HL,VPF
382,Westlake,TX/US,Li & Robertson,Westlake LR,VPF
383,Westlake,TX/US,Yin & Williams,Westlake YW,VPF
384,Winston Churchill High School,MD/US,Durbhakula & Durbhakula,Winston Churchill DD,VPF
385,Winston Churchill High School,MD/US,Huang & Mao,Winston Churchill HM,VPF
